[{"id":"user-image-img_sec03_01.png","publicUrl":"np://user.desktop.nicepage.com/Site_1821113066/images/img_sec03_01.png","size":11497,"hash":"Qze6pVQHEEvWU4yv3vl0kVllQQQ=","fileName":"img_sec03_01.png","name":"img_sec03_01","width":385,"height":419,"thumbnail":{"url":"np://user.desktop.nicepage.com/Site_1821113066/images/thumbnails/img_sec03_01.png","width":230,"height":250},"folderId":null,"usages":["66420258"]},{"id":"user-image-ft_logo.png","publicUrl":"np://user.desktop.nicepage.com/Site_1821113066/images/ft_logo.png","size":2254,"hash":"y0/2admP2lOmx6qwta6QUPhi9wY=","fileName":"ft_logo.png","name":"ft_logo","width":284,"height":80,"thumbnail":{"url":"np://user.desktop.nicepage.com/Site_1821113066/images/ft_logo.png","width":250,"height":70},"folderId":null,"usages":[]}]