[{"id":"user-image-SC22024001A_web.jpg","publicUrl":"np://user.desktop.nicepage.com/Site_1821113066/images/SC22024001A_web.jpg","size":283204,"hash":"/G84s8isqvD8xDU87Mq+2op3eak=","fileName":"SC22024001A_web.jpg","name":"SC22024001A_web","width":1200,"height":1200,"thumbnail":{"url":"np://user.desktop.nicepage.com/Site_1821113066/images/thumbnails/SC22024001A_web.jpg","width":250,"height":250},"folderId":null,"usages":["95224122"]},{"id":"user-image-SC22024002A_web.jpg","publicUrl":"np://user.desktop.nicepage.com/Site_1821113066/images/SC22024002A_web.jpg","size":306650,"hash":"we7AEaqIBpYxW2yIrUi2EV3kPpw=","fileName":"SC22024002A_web.jpg","name":"SC22024002A_web","width":1200,"height":1200,"thumbnail":{"url":"np://user.desktop.nicepage.com/Site_1821113066/images/thumbnails/SC22024002A_web.jpg","width":250,"height":250},"folderId":null,"usages":["95224122"]},{"id":"user-image-ft_logo.png","publicUrl":"np://user.desktop.nicepage.com/Site_1821113066/images/ft_logo.png","size":2254,"hash":"y0/2admP2lOmx6qwta6QUPhi9wY=","fileName":"ft_logo.png","name":"ft_logo","width":284,"height":80,"thumbnail":{"url":"np://user.desktop.nicepage.com/Site_1821113066/images/ft_logo.png","width":250,"height":70},"folderId":null,"usages":[]}]