[{"id":980923548,"title":"Blog Template","order":1,"templateKey":"blog","customTemplate":false,"customTemplateFilename":null,"pageLinks":[],"dateCreated":"2024-02-26T09:39:26.742Z","dateUpdated":"2024-02-26T09:39:27.993Z","folderId":null,"pageName":"Blog Template","serverPageId":null,"sectionCount":1,"status":2,"backwardUrl":null},{"id":50769122,"title":"Post Template","order":2,"templateKey":"post","customTemplate":false,"customTemplateFilename":null,"pageLinks":[],"dateCreated":"2024-02-26T09:39:26.884Z","dateUpdated":"2024-02-26T09:39:27.994Z","folderId":null,"pageName":"Post Template","serverPageId":null,"sectionCount":1,"status":2,"backwardUrl":null},{"id":243878039,"title":"Product List Template","order":3,"templateKey":"products","customTemplate":false,"customTemplateFilename":null,"pageLinks":[],"dateCreated":"2024-02-26T09:39:27.013Z","dateUpdated":"2024-02-26T09:39:27.994Z","folderId":null,"pageName":"Product List Template","serverPageId":null,"sectionCount":1,"status":2,"backwardUrl":null},{"id":363203446,"title":"Product Details Template","order":4,"templateKey":"product","customTemplate":false,"customTemplateFilename":null,"pageLinks":[],"dateCreated":"2024-02-26T09:39:27.142Z","dateUpdated":"2024-02-26T09:39:27.994Z","folderId":null,"pageName":"Product Details Template","serverPageId":null,"sectionCount":1,"status":2,"backwardUrl":null},{"id":50393793,"title":"Shopping Cart Template","order":5,"templateKey":"cart","customTemplate":false,"customTemplateFilename":null,"pageLinks":[],"dateCreated":"2024-02-26T09:39:27.246Z","dateUpdated":"2024-02-26T09:39:27.994Z","folderId":null,"pageName":"Shopping Cart Template","serverPageId":null,"sectionCount":1,"status":2,"backwardUrl":null},{"id":371325683,"title":"Checkout Template","order":6,"templateKey":"checkout","customTemplate":false,"customTemplateFilename":null,"pageLinks":[],"dateCreated":"2024-02-26T09:39:27.388Z","dateUpdated":"2024-02-26T09:39:27.994Z","folderId":null,"pageName":"Checkout Template","serverPageId":null,"sectionCount":1,"status":2,"backwardUrl":null},{"id":81172117,"title":"Login Template","order":7,"templateKey":"login","customTemplate":false,"customTemplateFilename":null,"pageLinks":[],"dateCreated":"2024-02-26T09:39:27.471Z","dateUpdated":"2024-02-26T09:39:27.994Z","folderId":null,"pageName":"Login Template","serverPageId":null,"sectionCount":1,"status":2,"backwardUrl":null},{"id":297418008,"title":"Page Password Template","order":8,"templateKey":"password","customTemplate":false,"customTemplateFilename":null,"pageLinks":[],"dateCreated":"2024-02-26T09:39:27.528Z","dateUpdated":"2024-02-26T09:39:27.994Z","folderId":null,"pageName":"Page Password Template","serverPageId":null,"sectionCount":1,"status":2,"backwardUrl":null},{"id":66152213,"title":"404 Not Found Template","order":9,"templateKey":"404","customTemplate":false,"customTemplateFilename":null,"pageLinks":[],"dateCreated":"2024-02-26T09:39:27.587Z","dateUpdated":"2024-02-26T09:39:27.994Z","folderId":null,"pageName":"404 Not Found Template","serverPageId":null,"sectionCount":1,"status":2,"backwardUrl":null},{"id":2729713585,"title":"Thank You Page Template","order":10,"templateKey":"ThankYou","customTemplate":false,"customTemplateFilename":null,"pageLinks":[],"dateCreated":"2024-02-26T09:39:27.643Z","dateUpdated":"2024-02-26T09:39:27.994Z","folderId":null,"pageName":"Thank You Page Template","serverPageId":null,"sectionCount":1,"status":2,"backwardUrl":null},{"id":39337076,"title":"About","order":100,"templateKey":null,"customTemplate":false,"customTemplateFilename":null,"pageLinks":[],"dateCreated":"2024-02-26T09:39:27.683Z","dateUpdated":"2024-02-26T09:39:27.994Z","folderId":null,"pageName":"About_39337076","serverPageId":null,"sectionCount":1,"status":2,"backwardUrl":null},{"id":547929241,"title":"Contact","order":101,"templateKey":null,"customTemplate":false,"customTemplateFilename":null,"pageLinks":[],"dateCreated":"2024-02-26T09:39:27.713Z","dateUpdated":"2024-02-26T09:39:27.994Z","folderId":null,"pageName":"Contact_547929241","serverPageId":null,"sectionCount":1,"status":2,"backwardUrl":null},{"id":95224122,"title":"Boots_SCARPA_ZG-Trek-GTX","order":103,"templateKey":null,"customTemplate":false,"customTemplateFilename":null,"pageLinks":[],"dateCreated":"2024-02-26T13:24:26.028Z","dateUpdated":"2024-02-26T14:09:40.299Z","folderId":null,"pageName":"Boots_SCARPA_ZG-Trek-GTX_95224122","serverPageId":null,"sectionCount":1,"status":2,"backwardUrl":null}]